{"printer":{"emit_machine_limits_to_gcode":"1","preferred_orientation":"0","time_lapse_gcode":"","extruder_clearance_height_to_lid":"118","print_host":"","printhost_apikey":"","fan_speedup_overhangs":"1","retract_when_changing_layer":"1","before_layer_change_gcode":";BEFORE_LAYER_CHANGE\n;[layer_z]\nG92 E0\n","machine_max_acceleration_y":"20000","machine_max_acceleration_z":"500","machine_pause_gcode":"PAUSE","retract_restart_extra":"0","retraction_speed":"60","retract_lift_above":"0","retraction_length":"5","machine_max_jerk_x":"20","machine_max_jerk_e":"10","retract_lift_below":"0","machine_max_speed_z":"30","retract_lift_enforce":"All Surfaces","flush_volumes_matrix":"0","printhost_authorization_type":"key","retract_length_toolchange":"0","z_hop":"0.4","time_cost":"0","machine_max_speed_x":"1000","printhost_ssl_ignore_revoke":"0","nozzle_type":"hardened_steel","disable_m73":"0","machine_start_gcode":"M140 S0\nM104 S0 \nSTART_PRINT EXTRUDER_TEMP=[nozzle_temperature_initial_layer] BED_TEMP=[bed_temperature_initial_layer_single]\nT[initial_no_support_extruder]\nM204 S2000\nG1 Z3 F600\nM83\nG1 Y150 F12000\nG1 X0 F12000\nG1 Z0.2 F600\nG1 X0 Y150 F6000\nG1 X0 Y0 E15 F6000\nG1 X150 Y0 E15 F6000\nG92 E0\nG1 Z1 F600","machine_platform_motion_enable":"1","support_chamber_temp_control":"0","auxiliary_fan":"1","print_host_webui":"","printer_technology":"FFF","printing_by_object_gcode":"","manual_filament_change":"0","inherits":"fdm_creality_common","bed_mesh_max":"99999,99999","default_filament_profile":"Hyper PLA","gcode_flavor":"klipper","default_print_profile":"0.40mm Standard @K2 Plus","enable_filament_ramming":"0","retract_before_wipe":"70%","machine_unload_filament_time":"0","printhost_password":"","thumbnails":"96x96,300x300","printer_variant":"0.4","wipe_distance":"1","bed_custom_model":"","cooling_tube_retraction":"0","printhost_user":"","machine_max_jerk_y":"20","z_hop_types":"Auto Lift","printer_structure":"i3","change_extrusion_role_gcode":"","deretraction_speed":"40","fan_speedup_time":"0","nozzle_hrc":"0","machine_max_speed_y":"1000","best_object_pos":"0.5,0.5","thumbnails_format":"PNG","printhost_cafile":"","extruder_colour":"#FCE94F","machine_max_acceleration_x":"20000","curr_bed_type":"High Temp Plate","creality_flush_time":"86.0","host_type":"octoprint","printer_model":"K2 Plus","machine_max_acceleration_e":"5000","machine_min_travel_rate":"0,0","nozzle_diameter":"0.8","printer_notes":"","bed_mesh_min":"-99999,-99999","cooling_tube_length":"0","machine_max_acceleration_extruding":"20000","machine_min_extruding_rate":"0,0","machine_end_gcode":"END_PRINT","retraction_minimum_travel":"1","silent_mode":"0","single_extruder_multi_material":"1","support_multi_bed_types":"0","use_relative_e_distances":"1","head_wrap_detect_zone":"","machine_max_acceleration_travel":"20000","printable_height":"350","upward_compatible_machine":"","extruder_clearance_height_to_rod":"24","z_offset":"0","machine_max_jerk_z":"5","bbl_use_printhost":"0","printable_area":"0x0,350x0,350x350,0x350","machine_max_acceleration_retracting":"5000","high_current_on_filament_swap":"0","wipe":"1","machine_load_filament_time":"0","change_filament_gcode":"G2 Z{z_after_toolchange + 0.4} I0.86 J0.86 P1 F10000 ; spiral lift a little from second lift\nG1 X0 Y245 F30000\nG1 Z{z_after_toolchange} F600","min_layer_height":"0.08","extruder_clearance_radius":"64","extra_loading_move":"0","purge_in_prime_tower":"0","parking_pos_retraction":"0","support_air_filtration":"1","layer_change_gcode":"","bed_exclude_area":"0x0","material_flow_temp_graph":"[[3.0,210],[10.0,220],[12.0,230]]","fan_kickstart":"0","retract_restart_extra_toolchange":"0","template_custom_gcode":"","machine_max_speed_e":"100","scan_first_layer":"0","use_firmware_retraction":"0","bed_mesh_probe_distance":"50,50","max_layer_height":"0.3","extruder_offset":"0x0","bed_custom_texture":"","nozzle_volume":"183","machine_LED_light_exist":"1","printhost_port":""},"metadata":{"inherits_from":"F008-0.8"},"extruders":[{"engine_data":{"retract_length_toolchange":"0","wipe":"1","retract_lift_below":"349","retraction_length":"3","max_layer_height":"0.56","retract_lift_above":"0","z_hop_types":"Auto Lift","extruder_offset":"0x0","nozzle_diameter":"0.8","deretraction_speed":"40","retract_before_wipe":"70%","retract_when_changing_layer":"1","wipe_distance":"1","retraction_speed":"40","retraction_minimum_travel":"1","retract_lift_enforce":"All Surfaces","default_filament_profile":"Hyper PLA","min_layer_height":"0.16","retract_restart_extra":"0","z_hop":"0.4","retract_restart_extra_toolchange":"0","extruder_colour":"#FCE94F"},"metadata":{"color":4282244950,"current_material":"Hyper PLA-1.75","is_physical":true}}]}